batch_time_avg,batch_time_cv_percent,batch_time_max,batch_time_max_min_ratio,batch_time_min,batches_per_second,epoch,step,train_loss
,,,,,,0,49,14.676652908325195
4.1558098793029785,21.63437843322754,6.595431327819824,3.061469554901123,2.1543350219726562,0.2406269758939743,0,99,14.164472579956055
